{
  "AutomationPerformanceTest" : {
    "transaction" : "AutomationPerformanceTest",
    "sampleCount" : 414,
    "errorCount" : 414,
    "errorPct" : 100.0,
    "meanResTime" : 5.681159420289859,
    "minResTime" : 2.0,
    "maxResTime" : 118.0,
    "pct1ResTime" : 5.0,
    "pct2ResTime" : 14.0,
    "pct3ResTime" : 69.25000000000011,
    "throughput" : 277.10843373493975,
    "receivedKBytesPerSec" : 93.3617281626506,
    "sentKBytesPerSec" : 67.04029660307899
  },
  "Total" : {
    "transaction" : "Total",
    "sampleCount" : 414,
    "errorCount" : 414,
    "errorPct" : 100.0,
    "meanResTime" : 5.681159420289859,
    "minResTime" : 2.0,
    "maxResTime" : 118.0,
    "pct1ResTime" : 5.0,
    "pct2ResTime" : 14.0,
    "pct3ResTime" : 69.25000000000011,
    "throughput" : 277.10843373493975,
    "receivedKBytesPerSec" : 93.3617281626506,
    "sentKBytesPerSec" : 67.04029660307899
  }
}